nome,preco,sku,stock,tema,subtema,peso
Super Battle Droid,1,SB07,0,Star Wars,semsubtema,10
IG-88 v2 Preto,1.25,XN01,0,Star Wars,semsubtema,10
Marge Simpson,2.25,MS04,0,Os Simpsons,semsubtema,10
Nelson Muntz ,2.25,NM02,0,Os Simpsons,semsubtema,10
Milhouse ,2.25,MI02,0,Os Simpsons,semsubtema,10
Ponda Baba,2.25,PB01,0,Star Wars,semsubtema,10
Cowboy v9,1.95,CV15,0,Faroeste,semsubtema,10
Cowboy v6,1.95,CV12,0,Faroeste,semsubtema,10
Bossk,1.75,BO08,0,Star Wars,semsubtema,10
Billy Hargrove ,2.95,BH01,0,Stranger Things,semsubtema,10
Penguin BD,1.95,PB03,0,DC Comics,semsubtema,10
Riddler Filme Lego,1.95,RF01,0,DC Comics,semsubtema,10
James Gordon ,1.75,JG01,0,DC Comics,semsubtema,10
Magma,2.5,MA03,0,Marvel,X-Men,10
Tarantula,1.75,TA03,0,Marvel,semsubtema,10
Elektra,1.95,EL02,0,Marvel,semsubtema,10
Saesee Tiin ,1.75,ST01,0,Star Wars,semsubtema,10
Mr. Burns ,2.25,MB03,0,Os Simpsons,semsubtema,10
Patty Bouvier ,2.25,PB99,0,Os Simpsons,semsubtema,10
Chief Wiggum ,2.25,CW01,0,Os Simpsons,semsubtema,10
Grampa ,2.25,GR03,0,Os Simpsons,semsubtema,10
Joker Heath Ledger v3,2.25,JH07,0,DC Comics,semsubtema,10
Ghost Rider v2 com mota,2.95,GR02,0,Marvel,semsubtema,10
Michael Jackson ,1.95,MJ03,0,Famosos,semsubtema,10
Buzz Lightyear ,1.75,ML01,0,Toy Story,semsubtema,10
Duke Caboom ,2.95,DC02,0,Toy Story,semsubtema,10
Stripe,1.75,GR07,0,Filmes e Séries,semsubtema,10
Joker Heath Ledger v1,1.75,JH05,0,DC Comics,semsubtema,10
Shazam BD,1.75,SB04,0,DC Comics,semsubtema,10
Kingpin v1,1.75,KV01,0,Marvel,semsubtema,10
Han Solo Aged,1.75,HS01,0,Star Wars,semsubtema,10
First Order Gunner ,1.75,EF01,0,Star Wars,semsubtema,10
Shadow Guard,1.75,SG04,0,Star Wars,semsubtema,10
Deadshot DCEU,1.75,DD03,0,DC Comics,semsubtema,10
Snowtrooper,1.95,SN03,0,Star Wars,semsubtema,10
Porky Pig,2.25,PP02,1,Looney Tunes,semsubtema,10
Cassandra Nova Xavier,1.75,CN01,1,Marvel,semsubtema,10
Ms. Marvel,1.75,MM18,1,Marvel,semsubtema,10
Pennywise Clown,2.25,PC03,1,Filmes e Séries,semsubtema,10
Bith Musician,2.95,BM03,1,Star Wars,semsubtema,10
Viajante do Faroeste,1.75,VD04,1,Tempos Antigos,semsubtema,10
Gorila,2.5,GO06,1,Animais,semsubtema,10
Guarda de Honra Alemão,2,GD02,1,Militar,WW2,10
Ripley,1.95,RI03,1,Filmes e Séries,semsubtema,10
Skeletor v2,1.95,MV16,1,Masters of the Universe,semsubtema,10
Rhino XL,4.5,RX01,1,Marvel,semsubtema,10
Robin v2,2,RV05,1,DC Comics,semsubtema,10
Mr. Negative’s Henchman ,1.75,MN02,1,Marvel,semsubtema,10
Wampa,4.5,WA01,1,Star Wars,semsubtema,10
Skiff Guard ,1.75,SG09,1,Star Wars,semsubtema,10
Ronin v1,2.25,RV06,1,Marvel,semsubtema,10
Dexter Morgan,2.5,DM08,1,Filmes e Séries,semsubtema,10
Luke Cage BD,1.75,LC03,1,Marvel,semsubtema,10
Ronin v2,1.75,RV07,1,Marvel,semsubtema,10
Black Flash,1.95,BF03,1,DC Comics,semsubtema,10
Scarecrow,1.75,SC01,1,DC Comics,semsubtema,10
Hulkbuster e Iron Man,6.5,HE05,1,Marvel,semsubtema,10
Black Widow v1,1.75,BW02,1,Marvel,Avengers,10
Ares ,2.25,AR05,1,DC Comics,semsubtema,10
Silver Surfer,1.95,SS05,1,Marvel,X-Men,10
R4-P17,2,RP02,1,Star Wars,semsubtema,10
Atom ,1.75,AT07,1,DC Comics,semsubtema,10
Erling Haaland ,1.75,EH02,2,Futebol,semsubtema,10
R2-Q5 ,2.25,RQ01,2,Star Wars,semsubtema,10
Galactus,1.75,GA01,2,Marvel,semsubtema,10
Freddie Mercury,2.25,FM04,2,Famosos,semsubtema,10
Cowboy v3,1.95,CV09,2,Faroeste,semsubtema,10
Shanghai Gangster v3,1.75,SG07,2,Cidade,semsubtema,10
Cavaleiro Templário v1 Personalizado,2,PT01,2,Medieval,semsubtema,10
Soldado Alemão v8,1.75,SA05,2,Militar,WW2,10
Alfred Pennyworth ,1.75,AP01,2,DC Comics,semsubtema,10
Wolverine Aged,1.95,WA07,2,Marvel,X-Men,10
Monkey King ,1.75,MK02,2,Filmes e Séries,semsubtema,10
Count Nefaria ,1.75,CN04,2,Marvel,semsubtema,10
Bellatrix Lestrange,1.75,BL01,2,Harry Potter,semsubtema,10
Longshot,1.75,LO10,2,Marvel,X-Men,10
Green Arrow,1.95,GA04,2,DC Comics,semsubtema,10
Hoth Rebel Trooper ,1.75,HR02,2,Star Wars,semsubtema,10
Apu Nahasapeemapetilon ,2.25,AN03,2,Os Simpsons,semsubtema,10
Lisa Simpson e Snowball,2.25,LS02,2,Os Simpsons,semsubtema,10
War Machine Mark 7,1.95,WM02,2,Marvel,Avengers,10
Iron Fist Clássico,1.75,IF02,2,Marvel,semsubtema,10
Firestorm ,1.75,FI02,2,DC Comics,semsubtema,10
Jacob Kowalski v1,1.75,JK01,2,Harry Potter,semsubtema,10
E.T.,1.75,ET01,2,Filmes e Séries,semsubtema,10
Maria Hill ,1.75,MH02,2,Marvel,semsubtema,10
Yelena Belova,1.75,YB01,2,Marvel,semsubtema,10
Koska Reeves ,1.75,KR04,2,Star Wars,semsubtema,10
Domino,1.75,DO04,2,Marvel,semsubtema,10
Cable v1,1.75,CV01,2,Marvel,X-Men,10
Hercules,1.75,HE03,2,Marvel,semsubtema,10
Prometheus,1.75,PR03,2,DC Comics,semsubtema,10
Saint Walker,1.95,SW01,2,DC Comics,semsubtema,10
Joker Jeremy,1.75,JJ05,2,DC Comics,semsubtema,10
Iron Man XL antigo cinza,3.5,IM06,2,Marvel,Avengers,10
Jedi Temple Guard v1,1.95,PM01,3,Star Wars,semsubtema,10
Hannibal Lecter ,2.25,HL01,3,Filmes e Séries,semsubtema,10
Cowboy v8,1.95,CV14,3,Faroeste,semsubtema,10
Xerife,1.75,XE01,3,Tempos Antigos,semsubtema,10
Shanghai Gangster v1,1.75,SG05,3,Cidade,semsubtema,10
Shanghai Gangster v2,1.75,SG06,3,Cidade,semsubtema,10
Shanghai Gangster v4,1.75,SG08,3,Cidade,semsubtema,10
Murray Bauman,2.95,MB04,3,Stranger Things,semsubtema,10
Joker Henchman ,1.75,JH08,3,DC Comics,semsubtema,10
Hadras,1.75,HA01,3,Piratas das Caraíbas,semsubtema,10
Napoleon Bonaparte,2.5,NB02,3,Militar,semsubtema,10
Mer-Man ,1.95,MM11,3,Masters of the Universe,semsubtema,10
Beast Man ,1.95,BM02,3,Masters of the Universe,semsubtema,10
Sir Nicholas Nearly Headless Nick,1.75,SN01,3,Harry Potter,semsubtema,10
Super Adaptoid ,1.75,SA08,3,Marvel,semsubtema,10
Mandarin,1.75,MA08,3,Marvel,semsubtema,10
Conde Dooku Clone Wars,1.75,CD05,3,Star Wars,semsubtema,10
Logray Ewok,1.75,LE05,3,Star Wars,semsubtema,10
Tom,2.25,TO03,3,Bonecos,semsubtema,10
Jerry,2.25,JE02,3,Bonecos,semsubtema,10
Valak,2.25,VA01,3,Filmes e Séries,semsubtema,10
Loki BD,1.75,TB01,3,Marvel,semsubtema,10
Robocop,1.75,RO03,3,Filmes e Séries,semsubtema,10
Maz Kanata ,1.95,MK01,3,Star Wars,semsubtema,10
Thanos,1.95,TH01,3,Marvel,semsubtema,10
Vulko,1.75,VU01,3,DC Comics,semsubtema,10
Captain Marvel MCU,1.75,CM01,3,Marvel,semsubtema,10
Iron Patriot,1.75,IP02,3,Marvel,Avengers,10
Lizard,1.95,LI01,3,Marvel,semsubtema,10
White Queen v1,1.75,WQ01,3,Marvel,X-Men,10
Falcon MCU v1,1.75,FM01,3,Marvel,Avengers,10
Venom XL,4.5,VX01,3,Marvel,semsubtema,10
Royal Guard ,1.75,RG02,3,Star Wars,semsubtema,10
Lex Luthor Jesse Eisenberg ,1.75,LL02,3,DC Comics,semsubtema,10
Black Adam Clássico,1.75,BA07,3,DC Comics,semsubtema,10
Yellowjacket ,2,YE01,3,Marvel,semsubtema,10
Wall-E,4.5,MA11,3,Disney,semsubtema,10
Max Mayfield v3,1.75,MM10,3,Stranger Things,semsubtema,10
Road Runner,2.25,RR01,4,Looney Tunes,semsubtema,10
Lor San Tekka ,1.75,LS03,4,Star Wars,semsubtema,10
Coruscant Guard ARF Trooper ,1.75,CG01,4,Star Wars,semsubtema,10
Kidpool e Dogpool,1.95,KE01,4,Marvel,semsubtema,10
Virgil van Dijk ,1.75,VV06,4,Futebol,semsubtema,10
Leatherface,2.25,LE01,4,Filmes e Séries,semsubtema,10
Samara The Ring,1.95,ST03,4,Filmes e Séries,semsubtema,10
Evil Majin Boo,2.25,EM09,4,Dragon Ball,semsubtema,10
Jack Sparrow Hat,1.75,JS03,4,Piratas das Caraíbas,semsubtema,10
Blackbeard ,1.75,BL02,4,Piratas das Caraíbas,semsubtema,10
Elmo,2.25,EL03,4,Rua Sésamo,semsubtema,10
Max Mayfield v1,1.95,MM08,4,Stranger Things,semsubtema,10
Greedo,2.25,GR04,4,Star Wars,semsubtema,10
Centurião Romano v2,1.75,CO02,4,Tempos Antigos,semsubtema,10
Red Hood v2,2.25,PH04,4,DC Comics,semsubtema,10
Dançarina Oriental,1.75,DA02,4,Cidade,semsubtema,10
Sorceress,1.95,SO04,4,Masters of the Universe,semsubtema,10
Tri-Klops ,1.95,TK03,4,Masters of the Universe,semsubtema,10
Zodac ,1.95,ZO02,4,Masters of the Universe,semsubtema,10
Fantasma,1.75,FA01,4,Ghostbusters,semsubtema,10
Hawkeye BD,1.75,HB01,4,Marvel,Avengers,10
Viper “Madame Hydra”,1.95,VM02,4,Marvel,semsubtema,10
Ocean Master,1.75,OM02,4,DC Comics,semsubtema,10
Dumbledore v2,1.75,DV12,4,Harry Potter,semsubtema,10
Zuzanu Latt,1.75,ZL01,4,Star Wars,semsubtema,10
Parallax,1.75,PA06,4,DC Comics,semsubtema,10
Bane The Dark Knight Rises,1.95,BT02,4,DC Comics,semsubtema,10
Jor-El,1.95,JE05,4,DC Comics,semsubtema,10
Green Arrow BD,1.95,GA05,4,DC Comics,semsubtema,10
Soldado dos Mortos,1.75,SD03,4,O Senhor dos Anéis,semsubtema,10
Palhaço Krusty,2.25,PO01,4,Os Simpsons,semsubtema,10
Bandit,2.45,BA01,4,Bluey,semsubtema,10
Chilli,2.45,CH06,4,Bluey,semsubtema,10
Harley Quinn Comics TV,2.25,HQ01,4,DC Comics,semsubtema,10
Fennec Shand,1.75,FS01,4,Star Wars,semsubtema,10
Dolores Umbridge,1.75,DU01,4,Harry Potter,semsubtema,10
Robin v1,1.75,RV04,4,DC Comics,semsubtema,10
Hydro-Man ,1.75,HM05,4,Marvel,semsubtema,10
Mystique ,1.75,MY03,4,Marvel,X-Men,10
Daredevil BD,1.75,DB01,4,Marvel,semsubtema,10
Doctor Fate,1.95,DF02,4,DC Comics,semsubtema,10
Diablo,1.95,DI02,4,DC Comics,semsubtema,10
Giganta,1.75,GI01,4,DC Comics,semsubtema,10
Batman DCEU v2,1.95,BD04,4,DC Comics,semsubtema,10
Sensei Wu,1.75,SW03,4,Ninjago,semsubtema,10
Marvin the Martian ,2.25,MT02,5,Looney Tunes,semsubtema,10
Ousmane Dembélé ,1.75,OD02,5,Futebol,semsubtema,10
Robert Lewandowski ,1.75,RL02,5,Futebol,semsubtema,10
Karnak,1.75,KA05,5,Marvel,semsubtema,10
Demogorgon v1,1.95,DV07,5,Stranger Things,semsubtema,10
Mike Wheeler v1,1.95,MW04,5,Stranger Things,semsubtema,10
Erica Sinclair,1.95,ES05,5,Stranger Things,semsubtema,10
Eddie Munson v1,1.95,EM02,5,Stranger Things,semsubtema,10
Momaw Nadon ,2.25,MN01,5,Star Wars,semsubtema,10
Sandtrooper v2,1.75,MV15,5,Star Wars,semsubtema,10
Mickey v2,2.25,MV11,5,Disney,semsubtema,10
Minnie v2,2.25,MV13,5,Disney,semsubtema,10
Cowboy v1,2.25,CV06,5,Faroeste,semsubtema,10
Scooby-Doo e Shaggy,3.75,SD01,5,Filmes e Séries,semsubtema,10
Clawful ,1.95,CL01,5,Masters of the Universe,semsubtema,10
Astraal Vao,1.75,AV09,5,Star Wars,semsubtema,10
Índio Apache,1.75,NA01,5,Tempos Antigos,semsubtema,10
Chirrut Îmwe,1.75,CM04,5,Star Wars,semsubtema,10
Lando Calrissian General Insignia,1.75,LC01,5,Star Wars,semsubtema,10
Vigilante,1.75,AQ02,5,DC Comics,semsubtema,10
Comic Book Guy ,2.25,CB03,5,Os Simpsons,semsubtema,10
Waylon Smithers ,2.25,WS01,5,Os Simpsons,semsubtema,10
Groundskeeper Willie ,2.25,GW02,5,Os Simpsons,semsubtema,10
Superboy New 52,1.75,SN04,5,DC Comics,semsubtema,10
Black Panther,1.75,BP02,5,Marvel,Avengers,10
Iron Patriot Endgame,1.75,IP03,5,Marvel,semsubtema,10
Stay-Puft,1.95,SP04,5,Ghostbusters,semsubtema,10
Paz Vizsla,1.95,PV07,5,Star Wars,semsubtema,10
Republic Trooper ,1.75,RT04,5,Star Wars,semsubtema,10
Colossus,1.75,CO03,5,Marvel,X-Men,10
Green Goblin v1,2.5,GG05,5,Marvel,semsubtema,10
Tie Fighter Pilot,1.75,TF01,5,Star Wars,semsubtema,10
Deathstroke ,1.75,DE01,5,DC Comics,semsubtema,10
Ebony Maw ,1.95,EM01,5,Marvel,semsubtema,10
Gamora,1.75,GA03,5,Marvel,GG,10
Golden Ninja,1.75,GN01,5,Ninjago,semsubtema,10
Nya,1.75,NY01,5,Ninjago,semsubtema,10
Petunia Pig ,2.25,PP01,6,Looney Tunes,semsubtema,10
Elvis Presley ,2.25,EP03,6,Famosos,semsubtema,10
Red Hulk XL,5.5,RH05,6,Marvel,semsubtema,10
Klatooinian Raider v1,1.95,KR02,6,Star Wars,semsubtema,10
Superman e Krypto,2.25,SE04,6,DC Comics,semsubtema,10
Galactus First Steps v2,3.5,GF02,6,Marvel,semsubtema,10
Will Byers v1,1.95,WB01,6,Stranger Things,semsubtema,10
Tasmanian Devil,2.25,TD01,6,Looney Tunes,semsubtema,10
Mr. Teeny ,1.75,MT04,6,Os Simpsons,semsubtema,10
Pateta v2,2.25,PV06,6,Disney,semsubtema,10
Margarida v2,2.25,MV07,6,Disney,semsubtema,10
Cheerleader ,1.25,CH03,6,Cidade,semsubtema,10
Daken,1.75,DA01,6,Marvel,X-Men,10
Rodian Alliance Fighter,1.75,RA07,6,Star Wars,semsubtema,10
Darth Malgus,1.75,DM04,6,Star Wars,semsubtema,10
Boba Fett Jovem,1.75,BF05,6,Star Wars,semsubtema,10
Tallissan Lintra ,1.75,TL01,6,Star Wars,semsubtema,10
Homer Simpson,2.25,HS07,6,Os Simpsons,semsubtema,10
Maggie Simpson,2,MS02,6,Os Simpsons,semsubtema,10
Annabelle,1.95,AN02,6,Filmes e Séries,semsubtema,10
Heimdall Comics,1.75,HC01,6,Marvel,semsubtema,10
Superman DCEU ,1.75,SD04,6,DC Comics,semsubtema,10
Darth Maul Clássico,3.25,VD02,6,Star Wars,semsubtema,10
Deadpool v1,1.75,DV05,6,Marvel,X-Men,10
Professor X,2.25,PX01,6,Marvel,X-Men,10
Namor BD,1.75,NB01,6,Marvel,semsubtema,10
Amora “Enchantress”,1.75,AE01,6,Marvel,semsubtema,10
Cavalo Nazgûl,1.95,CN02,6,O Senhor dos Anéis,semsubtema,10
Cavalo Branco v1,1.95,CB02,6,Animais,semsubtema,10
Cole,1.75,PR01,6,Ninjago,semsubtema,10
Kai,1.75,VE01,6,Ninjago,semsubtema,10
Zane,1.75,ZA01,6,Ninjago,semsubtema,10
Poe Dameron,1.95,PD03,7,Star Wars,semsubtema,10
Imperial Mudtrooper,1.75,IM02,7,Star Wars,semsubtema,10
Martian Manhunter,1.95,MM03,7,DC Comics,semsubtema,10
Chewbacca v2,1.75,CV04,7,Star Wars,semsubtema,10
Phoenix BD,1.95,PB04,7,Marvel,X-Men,10
Anakin Skywalker Transformação,1.75,AS06,7,Star Wars,semsubtema,10
Peacemaker e Eagly ,2.25,PE01,7,DC Comics,semsubtema,10
Ned Flanders ,2.25,NF01,7,Os Simpsons,semsubtema,10
Bingo,2.45,BI02,7,Bluey,semsubtema,10
Jacob Kowalski v2,1.75,JK02,7,Harry Potter,semsubtema,10
Sirius Black ,1.75,SB05,7,Harry Potter,semsubtema,10
Gizmo,1.75,GI03,7,Filmes e Séries,semsubtema,10
Peter Venkman,1.95,PV08,7,Ghostbusters,semsubtema,10
Egon Spengler,1.95,ES02,7,Ghostbusters,semsubtema,10
Captain Phasma ,1.75,CP05,7,Star Wars,semsubtema,10
Tigre,1.75,TI02,7,Disney,semsubtema,10
Jay,1.75,AZ03,7,Ninjago,semsubtema,10
Lloyd,1.75,VE02,7,Ninjago,semsubtema,10
Superboy 90s ,1.75,SS11,7,DC Comics,semsubtema,10
Klatooinian Raider v2,1.95,KR03,8,Star Wars,semsubtema,10
Jim Hopper Season 5,1.75,JH02,8,Stranger Things,semsubtema,10
Sonic,1.95,SO03,8,Jogos,semsubtema,10
First Order Stormtrooper,1.95,FO04,8,Star Wars,semsubtema,10
Steve Harrington v1,1.95,SH07,8,Stranger Things,semsubtema,10
Labria,1.95,LA01,8,Star Wars,semsubtema,10
Jawa v2,1.75,JV03,8,Star Wars,semsubtema,10
Guerrilheiro Árabe ,1.75,AD04,8,Militar,semsubtema,10
Batman Beware,1.95,BB02,8,DC Comics,semsubtema,10
Boneco de Neve v2,1.75,BD09,8,Cidade,semsubtema,10
Professor Pomona Sprout,1.75,PP03,8,Harry Potter,semsubtema,10
Shaak Ti ,1.95,ST05,8,Star Wars,semsubtema,10
Moloch,1.75,MO05,8,Star Wars,semsubtema,10
Boba Fett v2,1.95,BF07,8,Star Wars,semsubtema,10
Eduardo Mãos de Tesoura v3,2.25,EM06,9,Filmes e Séries,semsubtema,10
Eleven Pink Dress,1.95,EP01,9,Stranger Things,semsubtema,10
Robin Buckley v1,1.95,RB04,9,Stranger Things,semsubtema,10
Eleven Hawkins Lab,1.95,EH01,9,Stranger Things,semsubtema,10
C-3PO v3,1.75,CP04,9,Star Wars,semsubtema,10
Explorador,1.75,EX02,9,Cidade,semsubtema,10
Red Hood v1,2.25,RH03,9,DC Comics,semsubtema,10
Luminara Unduli,1.75,LU02,9,Star Wars,semsubtema,10
Bluey ,2.45,BL05,9,Bluey,semsubtema,10
Batgirl,1.75,BA06,9,DC Comics,semsubtema,10
Dark Phoenix,1.95,DP01,9,Marvel,X-Men,10
Chefe Índio,1.75,CN03,9,Tempos Antigos,semsubtema,10
Bombeiro,1.75,BO04,10,Cidade,semsubtema,10
Fantomex ,1.95,FA02,10,Marvel,X-Men,10
Max Rebo ,1.95,MR03,10,Star Wars,semsubtema,10
Han Solo Carbonite ,1.95,HS02,10,Star Wars,semsubtema,10
Jar Jar Binks,1.95,JJ01,11,Star Wars,semsubtema,10
Newt Scamander,1.75,NS01,11,Harry Potter,semsubtema,10
Kabe,1.75,KA01,12,Star Wars,semsubtema,10
Barbara Gordon,1.75,BG01,12,DC Comics,semsubtema,10
Punisher ,1.95,PU01,12,Marvel,semsubtema,10
Doc. Brown,2.25,DB05,13,Filmes e Séries,semsubtema,10
Jim Hopper Xerife v1,1.95,JH03,13,Stranger Things,semsubtema,10
Luke Skywalker Tatooine v2,1.75,LS09,13,Star Wars,semsubtema,10
Obi-Wan Kenobi Aged,1.75,OW01,13,Star Wars,semsubtema,10
He-Man,1.95,HM03,13,Masters of the Universe,semsubtema,10
Han Solo v3,1.75,MQ01,15,Star Wars,semsubtema,10
Darth Revan Knights Of The Old Republic,1.95,DR02,15,Star Wars,semsubtema,10
Red Skull ,1.95,RS03,15,Marvel,semsubtema,10
Adolf Hitler v2,2.5,AH01,16,Militar,WW2,10
Darth Nihilus v1,1.75,DN01,16,Star Wars,semsubtema,10
Joyce Byers,1.95,JB02,17,Stranger Things,semsubtema,10
Dustin Henderson Hellfire,1.95,DH02,17,Stranger Things,semsubtema,10
Imperial Spy Garindan,1.75,MS01,17,Star Wars,semsubtema,10
Hrchek Kal Fas ,1.75,HK01,17,Star Wars,semsubtema,10
Doctor Cornelius Evazan ,1.75,DC01,18,Star Wars,semsubtema,10
Anakin Skywalker Young,2.5,AS07,18,Star Wars,semsubtema,10
Wuher,1.75,WU01,19,Star Wars,semsubtema,10
Quicksilver,2.5,QU02,19,Marvel,X-Men,10
Adolf Hitler v1,3.5,CU01,22,Militar,WW2,10
Wasp ,1.95,WA04,0,Marvel,semsubtema,10
Grenadier of the Old Guard,2.25,GO08,0,Militar,semsubtema,10
French Cuirassier,2.25,FC02,0,Militar,semsubtema,10
Soldado Confederado,1.95,SC07,0,Militar,semsubtema,10
Clone Trooper Phase I,1.95,CT09,0,Star Wars,semsubtema,10
Cull Obsidian XL,4.5,CO06,0,Marvel,semsubtema,10
Juggernaut ML,2.95,JM02,1,Marvel,semsubtema,10
Nancy Wheeler v2,1.95,PW01,1,Stranger Things,semsubtema,10
Eddie Munson v2,1.95,EM03,1,Stranger Things,semsubtema,10
Sylvester,2.25,SY01,1,Looney Tunes,semsubtema,10
Russian Line Infantry,2.25,RL03,1,Militar,semsubtema,10
Doctor Doom v3,2.25,DD06,2,Marvel,semsubtema,10
Human Torch v3,2,HT03,2,Marvel,F4,10
Daffy Duck,2.25,DD01,2,Looney Tunes,semsubtema,10
Goblin King XL,4.5,GK01,2,O Senhor dos Anéis,semsubtema,10
Warg,1.95,WA02,2,O Senhor dos Anéis,semsubtema,10
Rancor,11.5,RA03,2,Star Wars,semsubtema,10
Captain América Sam Wilson v1,2.25,CA05,2,Marvel,Avengers,10
Ahsoka Tano v1,1.75,AT02,2,Star Wars,semsubtema,10
Scout Trooper,1.75,ST04,2,Star Wars,semsubtema,10
Korg XL,4.5,KX02,2,Marvel,semsubtema,10
Thanos XL v1,4.5,TX01,2,Marvel,semsubtema,10
Lizard XL,4.5,LX01,2,Marvel,semsubtema,10
Killer Croc XL v1,4.5,KC03,2,DC Comics,semsubtema,10
Hawkman Aldis Hodge,2.25,HA07,2,DC Comics,semsubtema,10
Rhino,1.75,RH06,2,Marvel,semsubtema,10
Cavaleiro Esqueleto,1.95,CE03,3,O Senhor dos Anéis,semsubtema,10
Ant-Man,1.95,AM01,3,Marvel,semsubtema,10
Spider-Gwen ,1.75,SG16,3,Marvel,semsubtema,10
Monstro das Bolachas,2.25,MD09,3,Rua Sésamo,semsubtema,10
Kit Fisto,2.45,KF02,3,Star Wars,semsubtema,10
Warg Matriarca,1.95,WM03,3,O Senhor dos Anéis,semsubtema,10
Queen Amidala,3.5,QA01,3,Star Wars,semsubtema,10
Jango Fett,1.75,JF02,3,Star Wars,semsubtema,10
Taskmaster Thunderbolts,1.75,TT01,3,Marvel,semsubtema,10
Shanks v2,2.25,SV08,3,One Piece ,semsubtema,10
M3gan,1.95,MG01,3,Filmes e Séries,semsubtema,10
Jane Foster,2,JF01,3,Marvel,semsubtema,10
Ió,1.75,EE01,3,Disney,semsubtema,10
41st Scout Battalion Trooper ,1.75,SB01,4,Star Wars,semsubtema,10
Batman BD,1.95,BB01,4,DC Comics,semsubtema,10
Derek,1.75,DE04,4,Stranger Things,semsubtema,10
Holly Wheeler ,1.95,HW02,4,Stranger Things,semsubtema,10
Egas,2.25,EG01,4,Rua Sésamo,semsubtema,10
Dr. Martin Brenner ,1.75,DM11,4,Stranger Things,semsubtema,10
Alien Ridley Scott,1.95,AR01,4,Filmes e Séries,semsubtema,10
Clayface XL,4.5,CX02,4,DC Comics,semsubtema,10
Bullseye ,2.45,BU03,4,Toy Story,semsubtema,10
Thanos XL v2,4.5,TX02,4,Marvel,semsubtema,10
Captain América Sam Wilson V2,2.25,CA06,4,Marvel,semsubtema,10
Cobb Vanth,1.95,CV05,4,Star Wars,semsubtema,10
Darth Vader v2,1.95,DV03,4,Star Wars,semsubtema,10
Sentry,1.75,SE03,4,Marvel,semsubtema,10
Majin Boo v1,1.95,MB01,4,Dragon Ball,semsubtema,10
Yamcha ,2.25,YA01,4,Dragon Ball,semsubtema,10
Cell,1.95,CE04,4,Dragon Ball,semsubtema,10
Majin Boo v2,1.95,MB02,4,Dragon Ball,semsubtema,10
Roronoa Zoro v2,2.25,RZ02,4,One Piece ,semsubtema,10
Alce de Thranduil,1.95,AD03,4,O Senhor dos Anéis,semsubtema,10
Green Goblin v2,2.5,GG06,4,Marvel,semsubtema,10
Scarlet Witch,1.75,SW02,4,Marvel,X-Men,10
Batman Wings,1.95,BW01,4,DC Comics,semsubtema,10
Tweety,2.25,TW02,5,Looney Tunes,semsubtema,10
Rhino ML,2.95,RM03,5,Marvel,semsubtema,10
Flash DCEU,1.75,FD03,5,DC Comics,semsubtema,10
Super Skrull ,1.95,SS10,5,Marvel,semsubtema,10
Raphael,1.95,RA04,5,Tartarugas Ninja,semsubtema,10
Flash Clássico,1.95,MC01,5,DC Comics,semsubtema,10
Becas,2.25,BE02,5,Rua Sésamo,semsubtema,10
Óscar O Resmungão ,1.75,SO01,5,Rua Sésamo,semsubtema,10
Lucas Sinclair v1,1.95,LS04,5,Stranger Things,semsubtema,10
Fuzileiro Britânico,2.25,FB07,5,Militar,semsubtema,10
Scottish Bagpiper,1.95,SB02,5,Militar,semsubtema,10
Terminator T-800,3.95,TT02,5,Filmes e Séries,semsubtema,10
Optimus Prime,1.95,OP01,5,Filmes e Séries,semsubtema,10
Sandtrooper e Dewback,7.75,SE01,5,Star Wars,semsubtema,10
Mandalorian v2 e Grogu,1.75,BV03,5,Star Wars,semsubtema,10
Falcon MCU v2 ,2.75,FM02,5,Marvel,Avengers,10
Dark Trooper v2,1.75,DT02,5,Star Wars,semsubtema,10
Clone Commando Voca,1.75,CC09,5,Star Wars,semsubtema,10
Gar Saxon,1.75,GS01,5,Star Wars,semsubtema,10
Tartaruga Genial,1.95,TG01,5,Dragon Ball,semsubtema,10
Turles,2,TU02,5,Dragon Ball,semsubtema,10
Hit,1.95,HI01,5,Dragon Ball,semsubtema,10
Dracule Mihawk ,2.25,DM13,5,One Piece ,semsubtema,10
Mandalorian v3,1.75,MV04,5,Star Wars,semsubtema,10
Tusken Raider ,1.95,TR05,5,Star Wars,semsubtema,10
Sanji v2,1.95,SV04,5,One Piece ,semsubtema,10
Cavalo Castanho,1.95,CC03,5,Animais,semsubtema,10
Cerberus Fluffy Three-Headed Dog,3.5,CF01,5,Harry Potter,semsubtema,10
Guerreiro de Gondor,1.95,GD03,5,O Senhor dos Anéis,semsubtema,10
Blue Beetle,2.25,BB07,5,DC Comics,semsubtema,10
Bugs Bunny,2.25,BB08,6,Looney Tunes,semsubtema,10
Coyote ,2.25,CO05,6,Looney Tunes,semsubtema,10
Steve Harrington v2,1.95,SH08,6,Stranger Things,semsubtema,10
Demogorgon v2,1.95,DV08,6,Stranger Things,semsubtema,10
Max Mayfield v2,1.75,MM09,6,Stranger Things,semsubtema,10
Predador,1.95,PR02,6,Filmes e Séries,semsubtema,10
Jabba the Hutt,6.5,JT01,6,Star Wars,semsubtema,10
Tauntaun,4.5,TA05,6,Star Wars,semsubtema,10
Blurrg,5.5,ME01,6,Star Wars,semsubtema,10
Scream,2,SC05,6,Marvel,semsubtema,10
Vegeta v2,1.95,VV05,6,Dragon Ball,semsubtema,10
Beerus ,1.95,BE03,6,Dragon Ball,semsubtema,10
Buggy,2.25,BU01,6,One Piece ,semsubtema,10
Javali montada dos Anões,1.95,JM01,6,O Senhor dos Anéis,semsubtema,10
Trunks,1.95,TR04,6,Dragon Ball,semsubtema,10
Captain Rex,1.75,CR01,6,Star Wars,semsubtema,10
Lola Bunny,2.25,LB01,7,Looney Tunes,semsubtema,10
Robin Buckley v3,1.75,RB05,7,Stranger Things,semsubtema,10
Steve Harrington v3,1.95,SH09,7,Stranger Things,semsubtema,10
Nancy Wheeler v3,1.95,NW02,7,Stranger Things,semsubtema,10
Donatello,1.95,DO05,7,Tartarugas Ninja,semsubtema,10
Wonder Woman BD,1.95,WW05,7,DC Comics,semsubtema,10
Green Lantern Clássico,1.95,GL03,7,DC Comics,semsubtema,10
Aquaman BD,1.95,AB01,7,DC Comics,semsubtema,10
NED-B,1.75,NB03,7,Star Wars,semsubtema,10
Poupas,2.25,PO02,7,Rua Sésamo,semsubtema,10
Jonathan Byers,1.75,JB01,7,Stranger Things,semsubtema,10
Will Byers v2,1.75,WB02,7,Stranger Things,semsubtema,10
Mike Wheeler v2,1.75,MW05,7,Stranger Things,semsubtema,10
Faraó do Egipto v2,1.95,FD02,7,Tempos Antigos,semsubtema,10
Piccolo,1.95,PI01,7,Dragon Ball,semsubtema,10
Jiren,1.95,JI02,7,Dragon Ball,semsubtema,10
Blackbeard Marshall D. Teach,2.25,VD01,7,One Piece ,semsubtema,10
Tony Tony Chopper ,1.75,HX04,7,One Piece ,semsubtema,10
Nico Robin v2,2.45,NR02,7,One Piece ,semsubtema,10
Usopp,2.25,US03,7,One Piece ,semsubtema,10
Portgas D. Ace v2,2.45,PD05,7,One Piece ,semsubtema,10
Monkey D. Luffy v3,2.95,MD07,8,One Piece ,semsubtema,10
Sabo v2,2.95,SV01,8,One Piece ,semsubtema,10
Boa Hancock ,2.95,BH02,8,One Piece ,semsubtema,10
Nefertari Vivi ,2.55,NV01,8,One Piece ,semsubtema,10
Henry Creel,1.75,HC02,8,Stranger Things,semsubtema,10
Green Arrow Clássico,1.95,GA06,8,DC Comics,semsubtema,10
Freeza ,1.95,FR03,8,Dragon Ball,semsubtema,10
Son Gohan,1.95,SG11,8,Dragon Ball,semsubtema,10
Donquixote Doflamingo ,2.45,DD07,8,One Piece ,semsubtema,10
Borsalino Kizaru v2,2.25,BK06,8,One Piece ,semsubtema,10
Kaido ,2.75,KA03,8,One Piece ,semsubtema,10
Nami,1.95,HX03,8,One Piece ,semsubtema,10
Jinbe ,2.55,JI01,8,One Piece ,semsubtema,10
Hulk XL,4.5,HX01,8,Marvel,Avengers,10
Monkey D. Garp v2,2.75,MD04,8,One Piece ,semsubtema,10
Smoker,2.95,SM03,8,One Piece ,semsubtema,10
Monkey D. Dragon ,2.75,MD02,8,One Piece ,semsubtema,10
Kuzan ,2.75,KU02,8,One Piece ,semsubtema,10
Eleven Season 5,1.95,ES03,9,Stranger Things,semsubtema,10
Demogorgon v3,1.95,DV09,9,Stranger Things,semsubtema,10
Michelangelo,1.95,MI01,9,Tartarugas Ninja,semsubtema,10
Nancy Wheeler v1,1.95,NW01,9,Stranger Things,semsubtema,10
Darth Desolous,2.75,DD02,9,Star Wars,semsubtema,10
Broly,2,BR04,9,Dragon Ball,semsubtema,10
Whitebeard Edward Newgate v2,2.45,WE02,9,One Piece ,semsubtema,10
Crocodile v2,2.45,CV17,9,One Piece ,semsubtema,10
Akainu v2,2.25,AV02,9,One Piece ,semsubtema,10
Vecna v1,2.25,VV01,10,Stranger Things,semsubtema,10
Mr. Gold ,3.95,MG03,10,Diversos,semsubtema,10
Monkey D. Luffy v2,2.45,MD06,10,One Piece ,semsubtema,10
Dustin Henderson v1,1.95,DH03,11,Stranger Things,semsubtema,10
Gol D. Roger ,2.95,GD01,11,One Piece ,semsubtema,10
Vecna v2,1.95,VV02,12,Stranger Things,semsubtema,10
Leonardo,1.95,LE03,12,Tartarugas Ninja,semsubtema,10
Kingpin v2,2.75,KV02,12,Marvel,semsubtema,10
Lucas Sinclair v2,1.75,LS05,13,Stranger Things,semsubtema,10
Will Byers v3,1.95,WB03,14,Stranger Things,semsubtema,10
C-3PO Gold,3.95,CP02,16,Star Wars,semsubtema,10
Son Goku v2,1.75,SG13,0,Dragon Ball,semsubtema,10
R2-D2,1.75,RD01,2,Star Wars,semsubtema,10
Captain Tarpals,1.95,CT03,0,Star Wars,semsubtema,10
Kraven the Hunter 2024,1.75,KT05,1,Marvel,semsubtema,10
Starkiller,1.75,ST07,1,Star Wars,semsubtema,10
Embo,1.75,EM07,2,Star Wars,semsubtema,10
Kanan Jarrus ,1.75,KJ01,2,Star Wars,semsubtema,10
Han Solo v1,1.75,HS04,2,Star Wars,semsubtema,10
Mace Windu Hood,1.75,MW02,2,Star Wars,semsubtema,10
Emperor Palpatine ,1.75,EP04,2,Star Wars,semsubtema,10
Chi-Chi,1.75,CC06,2,Dragon Ball,semsubtema,10
Chiaotzu ,1.75,CH05,3,Dragon Ball,semsubtema,10
Nick Fury,1.75,NF02,4,Marvel,Avengers,10
The Thing v2,1.75,TT05,4,Marvel,F4,10
O Senhor dos Nazgûl,1.75,OS01,4,O Senhor dos Anéis,semsubtema,10
Anakin Skywalker Dark Side,1.75,AS03,4,Star Wars,semsubtema,10
Michael Myers,1.75,MM12,4,Filmes e Séries,semsubtema,10
Grand Inquisitor,1.75,GI04,4,Star Wars,semsubtema,10
Conde Dooku Christopher Lee ,1.75,CD04,5,Star Wars,semsubtema,10
Qui-Gon Jinn v1,1.75,QG01,5,Star Wars,semsubtema,10
Diego Maradona,1.75,DM09,6,Futebol,semsubtema,10
Hulk v2,1.75,HV02,6,Marvel,Avengers,10
Monkey D. Luffy v1,1.75,MD05,6,One Piece ,semsubtema,10
Davy Jones ,1.75,DJ01,11,Piratas das Caraíbas,semsubtema,10
Coleman Trebor,2.25,CT11,14,Star Wars,semsubtema,10
Hamleys Royal Guard,1.75,HR01,2,Militar,semsubtema,10
Vinicius Júnior ,1.75,VJ01,2,Futebol,semsubtema,10
Théoden,1.75,TO01,2,O Senhor dos Anéis,semsubtema,10
Bix Caleen,1.75,BC01,3,Star Wars,semsubtema,10
Dedra Meero,1.75,DM07,3,Star Wars,semsubtema,10
Cassian Andor v2,1.75,CA13,3,Star Wars,semsubtema,10
Leia Organa Skirt,1.75,LO06,3,Star Wars,semsubtema,10
Quarren,1.75,QU01,3,Star Wars,semsubtema,10
Peli Motto e BD-72,1.75,PM02,3,Star Wars,semsubtema,10
Will Turner ,1.75,WT01,3,Piratas das Caraíbas,semsubtema,10
Maccus,1.75,MA01,3,Piratas das Caraíbas,semsubtema,10
Yondu,1.75,YO01,3,Marvel,GG,10
Galadriel v1,1.75,GV01,3,O Senhor dos Anéis,semsubtema,10
Leia Organa Slave,1.75,LO07,3,Star Wars,semsubtema,10
Stass Aliee,1.75,SA07,3,Star Wars,semsubtema,10
Grand Moff Tarkin ,1.75,GM06,3,Star Wars,semsubtema,10
Pai Natal,1.75,PN01,3,Diversos,semsubtema,10
Gandalf o Cinzento v2,1.75,GO04,3,O Senhor dos Anéis,semsubtema,10
General Grievous Creme,1.75,GG03,3,Star Wars,semsubtema,10
Obi-Wan Kenobi Mustafar,1.75,OW06,3,Star Wars,semsubtema,10
Jawa v1,1.75,JV02,3,Star Wars,semsubtema,10
Cristiano Ronaldo v2,1.75,CR04,3,Futebol,semsubtema,10
Guerreiro Anão,1.75,GA07,3,O Senhor dos Anéis,semsubtema,10
Crimson Dynamo ,1.75,CD06,3,Marvel,semsubtema,10
K-2SO,1.25,XK01,1,Star Wars,semsubtema,10
Mr. Sinister,1.75,MS12,2,Marvel,semsubtema,10
Aaron Cash,1.75,AC01,2,DC Comics,semsubtema,10
Fish Mooney ,1.75,FM03,2,DC Comics,semsubtema,10
Radagast ,1.75,RA01,2,O Senhor dos Anéis,semsubtema,10
Shocker ,1.75,SH03,2,Marvel,semsubtema,10
Red Guardian,1.75,RG01,2,Marvel,semsubtema,10
Satele Shan ,1.75,SS02,3,Star Wars,semsubtema,10
Qui-Gon Jinn v2,1.75,QG02,3,Star Wars,semsubtema,10
Ahsoka Tano v2 e R4-K5 ,1.95,AT03,3,Star Wars,semsubtema,10
Mace Windu v1,1.75,MW03,0,Star Wars,semsubtema,10
Storm v2,1.75,NO05,0,Marvel,X-Men,10
Plo Koon v1,1.75,PK01,0,Star Wars,semsubtema,10
Darth Vader Hologram,1.75,DV01,0,Star Wars,semsubtema,10
Imperial Stormtrooper Hologram,1.75,IS07,0,Star Wars,semsubtema,10
Emperor Palpatine Hologram ,1.75,EP05,0,Star Wars,semsubtema,10
Darth Revan Hologram ,1.75,DR01,0,Star Wars,semsubtema,10
First Order Stormtrooper Hologram,1.75,FO05,0,Star Wars,semsubtema,10
Clea,1.75,CL03,0,Marvel,semsubtema,10
Anakin Skywalker Double ,1.75,AS04,0,Star Wars,semsubtema,10
Executioner ,1.75,EX01,1,Marvel,semsubtema,10
Azog v1,1.75,AV10,1,O Senhor dos Anéis,semsubtema,10
Even Piell ,1.75,EP06,1,Star Wars,semsubtema,10
Winter Soldier v2,1.75,NO06,1,Marvel,semsubtema,10
Gloin the Dwarf Aged,1.5,GT02,1,O Senhor dos Anéis,semsubtema,10
Bilbo Baggins Aged v1,1.75,BB03,1,O Senhor dos Anéis,semsubtema,10
Rahm Kota,1.75,RK01,1,Star Wars,semsubtema,10
Shin Hati v2,1.75,AD06,1,Star Wars,semsubtema,10
Huyang v1,1.75,CV18,1,Star Wars,semsubtema,10
Marrok v1,1.75,PV03,1,Star Wars,semsubtema,10
Agatha Harkness ,1.75,AH03,1,Marvel,semsubtema,10
Eduardo Mãos de Tesoura v1,1.75,EM04,1,Filmes e Séries,semsubtema,10
Metallo ,1.75,ME08,1,DC Comics,semsubtema,10
Nebula,1.75,NE01,1,Marvel,GG,10
Aquaman v1,1.75,PV01,1,DC Comics,semsubtema,10
Sanji v1,1.75,SV03,1,One Piece ,semsubtema,10
Khonshu ,1.75,KH01,1,Marvel,semsubtema,10
Groot Jovem v1,1.75,GJ01,1,Marvel,GG,10
Kraglin,1.75,KR05,1,Marvel,GG,10
Leslie Vernon ,1.75,LV01,2,Filmes e Séries,semsubtema,10
Lex Luthor Clássico,1.75,LL01,2,DC Comics,semsubtema,10
Gladiator,1.75,GL02,2,Marvel,X-Men,10
Spider-Man 1602 ,1.75,SM08,2,Marvel,semsubtema,10
Joshamee Gibbs ,1.75,JG03,2,Piratas das Caraíbas,semsubtema,10
British Royal Navy Soldier,1.75,BR03,2,Tempos Antigos,semsubtema,10
Pato Donald,1.75,PD01,2,Disney,semsubtema,10
Thranduil v1,1.75,TV04,2,O Senhor dos Anéis,semsubtema,10
Kang the Conquerer v2,1.75,KT03,2,Marvel,semsubtema,10
Elf Warrior,1.75,EW01,2,O Senhor dos Anéis,semsubtema,10
Darth Sidious e D-O,1.75,DS01,2,Star Wars,semsubtema,10
Battle Droid Geonosis,1.25,CP01,2,Star Wars,semsubtema,10
Huyang v2,1.75,MV01,2,Star Wars,semsubtema,10
Baron Zemo,1.75,BZ01,2,Marvel,semsubtema,10
Luke Skywalker The Mandalorian,1.75,NO04,2,Star Wars,semsubtema,10
Valkyrie,1.75,VA02,2,Marvel,semsubtema,10
Batman TV,1.95,BT04,2,DC Comics,semsubtema,10
Doctor Doom v1,1.95,DD04,2,Marvel,semsubtema,10
Black Adam DCEU,1.75,BA08,2,DC Comics,semsubtema,10
Katana v1,1.75,PV02,2,DC Comics,semsubtema,10
Crocodile v1,1.75,CV16,2,One Piece ,semsubtema,10
Spirit Spider ,1.75,SS09,2,Marvel,semsubtema,10
Obi-Wan Kenobi Clássico,1.75,OW02,2,Star Wars,semsubtema,10
Groot Jovem v2,1.75,MJ01,2,Marvel,GG,10
Kratos Clássico,1.95,EC04,3,Jogos,semsubtema,10
Star-Lord Vol. 3,1.75,SL03,3,Marvel,GG,10
Adam Warlock,1.75,AW02,3,Marvel,GG,10
Cassian Andor Pilot,1.75,CA11,3,Star Wars,semsubtema,10
Gambit,1.75,GA02,3,Marvel,X-Men,10
Sentinel,1.75,SE02,3,Marvel,semsubtema,10
Bishop,1.75,BI03,3,Marvel,X-Men,10
Cable v2 ,1.75,CV02,3,Marvel,X-Men,10
Morph v1,1.75,PV04,3,Marvel,X-Men,10
Blade,1.75,BL04,3,Marvel,semsubtema,10
Battle Droid B1 x 4,1,BD06,3,Star Wars,semsubtema,10
Aqualad,1.75,AQ01,3,DC Comics,semsubtema,10
Hydra Henchman,1.75,HH01,3,Marvel,semsubtema,10
Kraven the Hunter BD,1.75,PT02,3,Marvel,semsubtema,10
Captain Salazar,1.75,PS01,3,Piratas das Caraíbas,semsubtema,10
Poison Ivy Filme Lego,1.75,PI05,3,DC Comics,semsubtema,10
Zebra-Man ,1.75,ZM01,3,DC Comics,semsubtema,10
Detroit Steel,1.75,DS03,3,Marvel,semsubtema,10
Storm v1,1.75,SV11,3,Marvel,X-Men,10
Drax BD,1.75,DB06,3,Marvel,semsubtema,10
Riddler Telltale,1.75,RT05,3,DC Comics,semsubtema,10
Calculator ,1.75,CA01,3,DC Comics,semsubtema,10
Paladin ,1.75,PA03,3,Marvel,semsubtema,10
Captain Cold ,1.75,CC02,3,DC Comics,semsubtema,10
Arnim Zola,1.75,AZ01,3,Marvel,semsubtema,10
Electrocutioner ,1.75,EL01,3,DC Comics,semsubtema,10
Inque,1.75,IN02,3,DC Comics,semsubtema,10
Snowflame ,1.75,SN02,3,DC Comics,semsubtema,10
Mockingbird ,1.75,MO04,3,Marvel,semsubtema,10
Red Arrow,1.75,RA06,3,DC Comics,semsubtema,10
Rei dos Mortos ,1.75,RD04,3,O Senhor dos Anéis,semsubtema,10
Bain Son of Bard ,1.75,BS01,3,O Senhor dos Anéis,semsubtema,10
Gandalf o Branco v1,1.75,GO01,3,O Senhor dos Anéis,semsubtema,10
Beorn,1.75,BE05,3,O Senhor dos Anéis,semsubtema,10
Kao Cen Darach ,1.75,KC01,3,Star Wars,semsubtema,10
Leia Organa Aged,1.75,LO03,3,Star Wars,semsubtema,10
Rako Hardeen,1.75,RH01,3,Star Wars,semsubtema,10
A-Wing Pilot ,1.75,AW01,3,Star Wars,semsubtema,10
Universitário,1.75,UR01,3,Diversos,semsubtema,10
Hela,1.75,HE01,3,Marvel,semsubtema,10
Shalla-Bal Silver Surfer,1.75,SB03,3,Marvel,semsubtema,10
Grey Hulk Joe Fixit,1.75,GH03,3,Marvel,semsubtema,10
Indiana Jones Dial of Destiny,1.75,IJ03,3,Filmes e Séries,semsubtema,10
Lurtz Uruk-hai,1.75,LU03,3,O Senhor dos Anéis,semsubtema,10
Guerreiro Elfo Noldor,1.75,GE01,3,O Senhor dos Anéis,semsubtema,10
Elrond v2,1.75,EV02,3,O Senhor dos Anéis,semsubtema,10
Orc v3,1.75,OV03,3,O Senhor dos Anéis,semsubtema,10
Ronaldinho Barcelona,1.75,RB07,3,Futebol,semsubtema,10
501st Legion Airborne Trooper,1.75,BD02,3,Star Wars,semsubtema,10
Commander Blackout,1.75,BD11,3,Star Wars,semsubtema,10
AAT Driver Battle Droid,1.25,AD01,3,Star Wars,semsubtema,10
Satine Kryze,1.75,SK01,3,Star Wars,semsubtema,10
Sabine Wren,1.75,RD06,3,Star Wars,semsubtema,10
HK-87 Assassin Droid,1.75,RP01,3,Star Wars,semsubtema,10
Coruscant Guard Riot Trooper ,1.75,CG02,3,Star Wars,semsubtema,10
Doc Samson ,1.75,DS04,3,Marvel,semsubtema,10
Cedrico Diggory ,1.75,CD03,3,Harry Potter,semsubtema,10
Bunny ,1.75,BU06,3,Toy Story,semsubtema,10
Rose Tico v2,1.75,RT09,3,Star Wars,semsubtema,10
Ushar,1.75,US02,3,Star Wars,Knights of Ren,10
Obi-Wan Kenobi Clone Wars,1.75,OW03,3,Star Wars,semsubtema,10
Ultron Ultimate,1.75,UU01,3,Marvel,semsubtema,10
Molten Man v2,1.75,MM17,3,Marvel,semsubtema,10
Knull,1.75,KN01,3,Marvel,semsubtema,10
Cheetah,1.75,CH04,3,DC Comics,semsubtema,10
Mera,1.75,ME06,3,DC Comics,semsubtema,10
Kate Bishop e Lucky o cão pizza ,1.75,KB02,3,Marvel,semsubtema,10
Mr. Knight,1.75,MK04,3,Marvel,semsubtema,10
She-Hulk ,1.75,SH01,3,Marvel,semsubtema,10
Katana v2,1.75,MV02,3,DC Comics,semsubtema,10
Venom ,1.75,VE03,3,Marvel,semsubtema,10
Grand Priest,1.75,GP01,3,Dragon Ball,semsubtema,10
Wong,1.75,WO02,3,Marvel,semsubtema,10
Carneiro montada dos Anões,1.95,CM03,3,O Senhor dos Anéis,semsubtema,10
Darth Revan Clássico,1.75,NO01,4,Star Wars,semsubtema,10
Teutonic Knight v2,2.5,TK02,4,Tempos Antigos,semsubtema,10
Pelé,1.75,PE02,4,Futebol,semsubtema,10
High Evolutionary,1.75,HE04,4,Marvel,semsubtema,10
Evil Highlander ,1.75,EH03,4,Filmes e Séries,semsubtema,10
Leprechaun,1.75,LE04,4,Filmes e Séries,semsubtema,10
Mr. Terrific ,1.75,MT05,4,DC Comics,semsubtema,10
Green Lantern Guy Gardner ,1.75,GL05,4,DC Comics,semsubtema,10
Captain Kaido ,1.75,CK02,4,Star Wars,semsubtema,10
Saw Gerrera ,1.75,SG03,4,Star Wars,semsubtema,10
Mother Talzin,1.75,MT03,4,Star Wars,semsubtema,10
The Son of Mortis,1.75,TS01,4,Star Wars,semsubtema,10
Asajj Ventress Clone Wars,1.75,AV07,4,Star Wars,semsubtema,10
Mole Man ,1.75,MM15,4,Marvel,semsubtema,10
Shin Hati v1,1.75,SH02,4,Star Wars,semsubtema,10
Thibaut Courtois,1.75,TC02,4,Futebol,semsubtema,10
White Queen v2,1.75,WQ02,4,Marvel,X-Men,10
Beast,1.75,BE01,4,Marvel,X-Men,10
Jubilee,1.75,JU01,4,Marvel,X-Men,10
Jean Grey,1.75,JG02,4,Marvel,X-Men,10
Rogue,1.75,RO04,4,Marvel,X-Men,10
Storm v3,1.75,SV12,4,Marvel,X-Men,10
Sunspot,1.75,SU03,4,Marvel,X-Men,10
TVA Agent,1.75,TA10,4,Marvel,semsubtema,10
Kevin De Bruyne ,1.75,KD01,4,Futebol,semsubtema,10
Joker Jack Nicholson ,1.75,JJ04,4,DC Comics,semsubtema,10
Bib Fortuna,1.75,BF02,4,Star Wars,semsubtema,10
Theelin Dancer,1.75,TD02,4,Star Wars,semsubtema,10
Weequay Guard,1.75,WG01,4,Star Wars,semsubtema,10
Henry Turner ,1.75,VS01,4,Piratas das Caraíbas,semsubtema,10
Silent Mary Masthead ,1.75,SM01,4,Piratas das Caraíbas,semsubtema,10
Bill Turner ,1.75,BT06,4,Piratas das Caraíbas,semsubtema,10
Gunner Zombie ,1.75,GZ04,4,Piratas das Caraíbas,semsubtema,10
Imperial Shock Trooper,1.75,IS04,4,Star Wars,semsubtema,10
Archangel,1.75,AR04,4,Marvel,X-Men,10
Gingerbread Man,1.75,GM05,4,Diversos,semsubtema,10
Dumbledore v3,1.75,DV13,4,Harry Potter,semsubtema,10
Sylvie “Lady Loki” v1,1.75,SL05,4,Marvel,semsubtema,10
Captain Carter,1.75,CC01,4,Marvel,semsubtema,10
Mime,1.75,MI03,4,DC Comics,semsubtema,10
Magik,1.75,MA02,4,Marvel,X-Men,10
Jesse Quick ,1.75,JQ01,4,DC Comics,semsubtema,10
Moaning Myrtle,1.75,MM14,4,Harry Potter,semsubtema,10
Sith Fleet Officer ,1.75,SF03,4,Star Wars,semsubtema,10
Lex Luthor Superman Suit,1.75,SL01,4,DC Comics,semsubtema,10
White Canary,1.75,WC01,4,DC Comics,semsubtema,10
Agent X ,1.75,AX01,4,Marvel,semsubtema,10
Egghead ,1.75,EG02,4,DC Comics,semsubtema,10
Hugo Strange Gotham,1.75,HS09,4,DC Comics,semsubtema,10
Taskmaster Udon,1.75,TU01,4,Marvel,semsubtema,10
Bard The Bowman,1.75,BT03,4,O Senhor dos Anéis,semsubtema,10
Rei Bruxo de Angmar ,1.75,RB02,4,O Senhor dos Anéis,semsubtema,10
Thorin Oakenshield,1.75,TO02,4,O Senhor dos Anéis,semsubtema,10
Yazneg ,1.75,YA02,4,O Senhor dos Anéis,semsubtema,10
Elrond v1,1.75,EV01,4,O Senhor dos Anéis,semsubtema,10
Mestre da Cidade do Lago,1.75,MD01,4,O Senhor dos Anéis,semsubtema,10
Arwen v1,1.75,AV05,4,O Senhor dos Anéis,semsubtema,10
Kili the Dwarf,1.75,KT04,4,O Senhor dos Anéis,semsubtema,10
Senador Palpatine ,1.75,SP01,4,Star Wars,semsubtema,10
TC-4 Protocol Droid,1.75,TP01,4,Star Wars,semsubtema,10
Malakili ,1.75,MA05,4,Star Wars,semsubtema,10
Owen Lars,1.75,OL01,4,Star Wars,semsubtema,10
M-OC Hunter Droid,1.75,MO01,4,Star Wars,semsubtema,10
Lieutenant Mitaka ,1.75,LM01,4,Star Wars,semsubtema,10
Galactic Marine,1.75,GM01,4,Star Wars,semsubtema,10
Yoda Dagobah ,1.75,YD01,4,Star Wars,semsubtema,10
Han Solo v2,1.75,HS05,4,Star Wars,semsubtema,10
Elite Praetorian Guard ,1.75,EP02,4,Star Wars,semsubtema,10
Range Trooper,1.75,RT02,4,Star Wars,semsubtema,10
Ultron Infinity,1.75,UI01,4,Marvel,semsubtema,10
Adolf Hitler v3,2.5,AH02,4,Militar,semsubtema,10
Grinch,1.75,GR05,4,Filmes e Séries,semsubtema,10
Orc v1,1.75,OV01,4,O Senhor dos Anéis,semsubtema,10
Goblin,1.75,GO05,4,O Senhor dos Anéis,semsubtema,10
Arwen v2,1.75,AV06,4,O Senhor dos Anéis,semsubtema,10
Tauriel,1.75,TA06,4,O Senhor dos Anéis,semsubtema,10
Thranduil v2,1.75,TV05,4,O Senhor dos Anéis,semsubtema,10
Gandalf o Branco v2,1.75,GO02,4,O Senhor dos Anéis,semsubtema,10
Saruman v2,1.75,SV06,4,O Senhor dos Anéis,semsubtema,10
Galadriel v2,1.75,GV02,4,O Senhor dos Anéis,semsubtema,10
Adar,1.75,AD02,4,O Senhor dos Anéis,semsubtema,10
Bilbo Baggins Aged v2,1.75,BB04,4,O Senhor dos Anéis,semsubtema,10
Neymar Júnior ,1.75,NJ01,4,Futebol,semsubtema,10
Ronaldinho Brasil,1.75,RB08,4,Futebol,semsubtema,10
Ronaldo Fenómeno,1.75,RF02,4,Futebol,semsubtema,10
Luka Modric Croácia,1.75,LM03,4,Futebol,semsubtema,10
David Beckham ,1.75,DB02,4,Futebol,semsubtema,10
Boba Fett v1 e Grogu,1.95,BF06,4,Star Wars,semsubtema,10
Mace Windu Clone Wars,1.75,MW01,4,Star Wars,semsubtema,10
Purge Trooper e D-O,1.75,PT06,4,Star Wars,semsubtema,10
Jedi Temple Guard v2,1.75,MM02,4,Star Wars,semsubtema,10
Imperial Stormtrooper e R2-D2,1.95,IS06,4,Star Wars,semsubtema,10
Padmé Amidala Clone Wars,1.75,CP06,4,Star Wars,semsubtema,10
Obi-Wan Kenobi Kamino e Astromech Droid New Republic,1.95,OW05,4,Star Wars,semsubtema,10
Anakin Skywalker Clone Wars,1.75,AS02,4,Star Wars,semsubtema,10
187th Clone Trooper ,1.75,CT01,4,Star Wars,semsubtema,10
Echo Clone Force 99,1.75,EC02,4,Star Wars,semsubtema,10
Death Trooper ,1.75,DT04,4,Star Wars,semsubtema,10
Cho Chang ,1.75,CC08,4,Harry Potter,semsubtema,10
Dobby,1.75,DO02,4,Harry Potter,semsubtema,10
Shazam DCEU,1.75,SD02,4,DC Comics,semsubtema,10
Alien Little Green Men ,1.75,AL01,4,Toy Story,semsubtema,10
Jason Voorhees,1.75,JV01,4,Filmes e Séries,semsubtema,10
Chucky,1.75,CH07,4,Filmes e Séries,semsubtema,10
Joker Joaquin Phoenix,1.75,JJ06,4,DC Comics,semsubtema,10
Ap'lek,1.75,AL02,4,Star Wars,Knights of Ren,10
Vicrul,1.75,VI01,4,Star Wars,Knights of Ren,10
Galen Marek ,1.75,GM02,4,Star Wars,semsubtema,10
Green Lantern Hal Jordan ,1.75,GL06,4,DC Comics,semsubtema,10
Falcon BD ,1.95,FB01,4,Marvel,Avengers,10
Carnage,1.95,CA10,4,Marvel,semsubtema,10
The Ancient One,1.75,TA08,4,Marvel,semsubtema,10
Crossbones ,1.75,CR06,4,Marvel,semsubtema,10
Human Torch v1,1.75,HT01,4,Marvel,F4,10
Loki,1.75,LO09,4,Marvel,semsubtema,10
White Phoenix ,1.75,WP01,4,Marvel,X-Men,10
Kwaku Anansi,1.75,KA08,4,Marvel,semsubtema,10
Sharon Carter,1.75,SC06,4,Marvel,semsubtema,10
Riddler DCEU,1.75,RD05,4,DC Comics,semsubtema,10
Scarlet Scarab ,1.75,SS03,4,Marvel,semsubtema,10
Mister Fantastic v1,1.75,MF01,4,Marvel,F4,10
Gorr the God Butcher ,1.75,GT03,4,Marvel,semsubtema,10
Peter Quill,1.75,PQ01,4,Marvel,GG,10
Joker Heath Ledger v2,1.75,JH06,4,DC Comics,semsubtema,10
Nightwing,1.75,NI02,4,DC Comics,semsubtema,10
Cara Dune,1.75,CD01,4,Star Wars,semsubtema,10
442nd Clone Trooper,1.75,CT02,4,Star Wars,semsubtema,10
Anakin Skywalker Padawan,1.75,AS05,4,Star Wars,semsubtema,10
Red She-Hulk ,1.75,RS02,4,Marvel,semsubtema,10
Deusa Athena,1.75,DA05,4,Tempos Antigos,semsubtema,10
Kaecilius ,1.75,KA02,4,Marvel,semsubtema,10
Edinson Cavani,1.75,EC03,4,Futebol,semsubtema,10
Son Goku v3,1.75,SG14,4,Dragon Ball,semsubtema,10
Mr. Freeze Arkham City,1.75,MF02,4,DC Comics,semsubtema,10
Tien Shin Han,1.75,TS03,4,Dragon Ball,semsubtema,10
Vegeta v1,1.75,VV04,4,Dragon Ball,semsubtema,10
Akainu v1,1.75,AV01,4,One Piece ,semsubtema,10
Whitebeard Edward Newgate v1,1.75,WE01,4,One Piece ,semsubtema,10
Portgas D. Ace v1,1.75,PD04,4,One Piece ,semsubtema,10
Kobe Bryant,1.75,KB03,4,NBA,semsubtema,10
Stephen Curry ,1.75,SC08,4,NBA,semsubtema,10
Comandante Uruk-Hai,1.75,CU02,4,O Senhor dos Anéis,semsubtema,10
Uruk-Hai v2,1.75,UH02,4,O Senhor dos Anéis,semsubtema,10
Taskmaster MCU,1.75,TM01,4,Marvel,semsubtema,10
Guerreiro de Rohan,1.75,GD04,4,O Senhor dos Anéis,semsubtema,10
Doctor Strange,1.75,DS05,4,Marvel,semsubtema,10
Zeus,1.75,ZE01,4,Marvel,semsubtema,10
Flametrooper Galactic Empire,1.75,FG01,4,Star Wars,semsubtema,10
Wonder Woman,1.75,WW04,4,DC Comics,semsubtema,10
Ursinho Pooh,1.75,UP01,4,Disney,semsubtema,10
Kratos Ragnarok,1.95,MR02,5,Jogos,semsubtema,10
Son Heung-min ,1.75,SH06,5,Futebol,semsubtema,10
James Harden ,1.75,JH01,5,NBA,semsubtema,10
Lebron James ,1.75,LJ01,5,NBA,semsubtema,10
Kylian Mbappé França,1.75,KM02,5,Futebol,semsubtema,10
Mary Shaw ,1.75,MS05,5,Filmes e Séries,semsubtema,10
Ultraman,1.75,UL01,5,DC Comics,semsubtema,10
Hawkgirl ,1.95,HA06,5,DC Comics,semsubtema,10
ISB Tactical Agent,1.75,IT01,5,Star Wars,semsubtema,10
Imperial Security Officer,1.75,IS01,5,Star Wars,semsubtema,10
Imperial Senate Security ,1.75,IS02,5,Star Wars,semsubtema,10
Darth Revan Legends,1.75,NO02,5,Star Wars,semsubtema,10
Aurra Sing ,1.75,AS09,5,Star Wars,semsubtema,10
Dryden Vos,1.75,DV10,5,Star Wars,semsubtema,10
Darth Nihilus v2,1.75,DN02,5,Star Wars,semsubtema,10
Spider-man Symbiote Suit ,1.75,SM13,5,Marvel,semsubtema,10
Cyclops,1.75,CY03,5,Marvel,X-Men,10
Morph v2,1.75,MV14,5,Marvel,X-Men,10
Nightcrawler,1.75,NI01,5,Marvel,X-Men,10
Bastion,1.75,BA05,5,Marvel,X-Men,10
Mr. Whatsit ,1.75,MW06,5,Stranger Things,semsubtema,10
Rebel Trooper,1.75,RT03,5,Star Wars,semsubtema,10
Taun We,1.75,TW01,5,Star Wars,semsubtema,10
Lieutenant Lesaro ,1.75,LL03,5,Piratas das Caraíbas,semsubtema,10
Officer Santos ,1.75,OS02,5,Piratas das Caraíbas,semsubtema,10
Officer Magda,1.75,OM03,5,Piratas das Caraíbas,semsubtema,10
Yeoman Zombie ,1.75,YZ01,5,Piratas das Caraíbas,semsubtema,10
Cook,1.75,CO04,5,Piratas das Caraíbas,semsubtema,10
Speedy González  ,2.25,SG15,5,Looney Tunes,semsubtema,10
Cowboy v7,1.95,CV13,5,Faroeste,semsubtema,10
Cowboy v10,2.25,CV07,5,Faroeste,semsubtema,10
Superman BD v2,1.95,SB09,5,DC Comics,semsubtema,10
Esqueleto Mexicano,1.75,EM08,5,Filmes e Séries,semsubtema,10
Rei v3,1.75,RV03,5,Medieval,semsubtema,10
Batman Wizbat,1.75,HM01,5,DC Comics,semsubtema,10
Hyperion ,1.75,HY01,5,Marvel,semsubtema,10
Deadshot BD,1.75,DB03,5,DC Comics,semsubtema,10
Riddler TV,1.75,RT06,5,DC Comics,semsubtema,10
Man-At-Arms Duncan,1.75,MA07,5,Masters of the Universe,semsubtema,10
Trap Jaw ,1.75,TJ01,5,Masters of the Universe,semsubtema,10
Mad-Eye Moody ,1.75,ME02,5,Harry Potter,semsubtema,10
Draco Malfoy,1.75,DM12,5,Harry Potter,semsubtema,10
Kabuki Twin,1.75,KT01,5,DC Comics,semsubtema,10
Party Clown ,1.75,PC02,5,Diversos,semsubtema,10
Zodiac Master ,1.75,ZM02,5,DC Comics,semsubtema,10
Professor McGonagall ,1.75,PM04,5,Harry Potter,semsubtema,10
Pateta v1,1.75,PV05,5,Disney,semsubtema,10
Professor Trelawny ,1.75,PT04,5,Harry Potter,semsubtema,10
Dean Thomas ,1.75,DT03,5,Harry Potter,semsubtema,10
Neville Longbottom,1.75,NL02,5,Harry Potter,semsubtema,10
Griphook,1.75,GR06,5,Harry Potter,semsubtema,10
James Potter,1.75,JP01,5,Harry Potter,semsubtema,10
Lily Potter,1.75,LP01,5,Harry Potter,semsubtema,10
Duros Alliance Fighter ,1.75,DA06,5,Star Wars,semsubtema,10
Gríma,1.75,GM07,5,O Senhor dos Anéis,semsubtema,10
Frodo Baggins v3,1.75,FB05,5,O Senhor dos Anéis,semsubtema,10
Merry v1,1.75,MV09,5,O Senhor dos Anéis,semsubtema,10
Gandalf o Cinzento v1,1.75,GO03,5,O Senhor dos Anéis,semsubtema,10
Bofur the Dwarf,1.75,BT07,5,O Senhor dos Anéis,semsubtema,10
Saruman v1,1.75,SV05,5,O Senhor dos Anéis,semsubtema,10
Oin the Dwarf ,1.75,OT01,5,O Senhor dos Anéis,semsubtema,10
Dori the Dwarf,1.75,DT05,5,O Senhor dos Anéis,semsubtema,10
Darth Maul Cyborg ,1.75,DM06,5,Star Wars,semsubtema,10
Baze Malbus ,1.95,BM01,5,Star Wars,semsubtema,10
Admiral Wullf Yularen,1.75,AW03,5,Star Wars,semsubtema,10
Asajj Ventress Legends,1.75,AV08,5,Star Wars,semsubtema,10
Jedi Consular,1.75,JC01,5,Star Wars,semsubtema,10
Barriss Offee ,1.75,BO01,5,Star Wars,semsubtema,10
Pao,1.75,PA05,5,Star Wars,semsubtema,10
Dengar,1.75,DE03,5,Star Wars,semsubtema,10
Naboo Guard ,1.75,NG01,5,Star Wars,semsubtema,10
Luke Skywalker Dagobah,1.75,LS06,5,Star Wars,semsubtema,10
Caluan Ematt ,1.75,CE01,5,Star Wars,semsubtema,10
Quay Tolsite ,1.75,QT01,5,Star Wars,semsubtema,10
Kessel Operations Droid,1.75,KO01,5,Star Wars,semsubtema,10
Elite Shadow Praetorian Guard,1.75,ES04,5,Star Wars,semsubtema,10
Thor v1,1.75,TV01,5,Marvel,Avengers,10
Winter Soldier v3,1.75,MS13,5,Marvel,semsubtema,10
Indiana Jones 2023,1.75,IJ02,5,Filmes e Séries,semsubtema,10
Boca de Sauron,1.75,BD07,5,O Senhor dos Anéis,semsubtema,10
Orc v2,1.75,OV02,5,O Senhor dos Anéis,semsubtema,10
Legolas,1.75,LE02,5,O Senhor dos Anéis,semsubtema,10
Gothmog,1.75,GO07,5,O Senhor dos Anéis,semsubtema,10
Bolg,1.75,BO03,5,O Senhor dos Anéis,semsubtema,10
Gimli,1.75,GI02,5,O Senhor dos Anéis,semsubtema,10
Halbrand,1.75,HA03,5,O Senhor dos Anéis,semsubtema,10
Frodo Baggins v4,1.75,FB06,5,O Senhor dos Anéis,semsubtema,10
Zinedine Zidane ,1.75,ZZ01,5,Futebol,semsubtema,10
Cristiano Ronaldo v3,1.75,CR05,5,Futebol,semsubtema,10
Kylian Mbappé Real Madrid,1.75,KM03,5,Futebol,semsubtema,10
Cal Kestis e BD-1 ,1.75,CK01,5,Star Wars,semsubtema,10
Clone Medic Kix CT-6116 e BD Droid,1.75,CM05,5,Star Wars,semsubtema,10
501 Legion Clone Commander,1.75,BD01,5,Star Wars,semsubtema,10
IG-88 v1,1.25,AD05,5,Star Wars,semsubtema,10
Jan Dodonna e R4-K5 ,1.95,JD01,5,Star Wars,semsubtema,10
Darth Vader v3,1.75,DV04,5,Star Wars,semsubtema,10
Sally,1.75,SA02,5,Disney,semsubtema,10
Pinhead,1.75,PI02,5,Filmes e Séries,semsubtema,10
Pennywise Clown v2,1.75,PC04,5,Filmes e Séries,semsubtema,10
Greef Karga,1.75,GK03,5,Star Wars,semsubtema,10
Shoretrooper,1.75,SH04,5,Star Wars,semsubtema,10
Lion-O,1.95,LO08,5,Thundercats,semsubtema,10
Hush,1.75,RO01,5,DC Comics,semsubtema,10
Iron Fist Immortal ,1.75,IF03,5,Marvel,semsubtema,10
Luna Lovegood,1.75,LL04,5,Harry Potter,semsubtema,10
Percival Graves ,1.75,PG02,5,Harry Potter,semsubtema,10
Credence Barebone ,1.75,CB04,5,Harry Potter,semsubtema,10
Argus Filch,1.75,AF01,5,Harry Potter,semsubtema,10
Seraphina Picquery,1.75,SP02,5,Harry Potter,semsubtema,10
Salazar Slytherin ,1.75,SS01,5,Harry Potter,semsubtema,10
Tio Patinhas,1.75,TP02,5,Disney,semsubtema,10
Teco,1.75,TE02,5,Disney,semsubtema,10
Tico,1.75,TI01,5,Disney,semsubtema,10
John Wick,1.75,JW01,5,Filmes e Séries,semsubtema,10
Billy,1.75,BI01,5,Filmes e Séries,semsubtema,10
Freddy Krueger,1.75,FK01,5,Filmes e Séries,semsubtema,10
Jannah ,1.75,JA01,5,Star Wars,semsubtema,10
Jet Trooper ,1.75,JT04,5,Star Wars,semsubtema,10
Cardo,1.75,CA09,5,Star Wars,Knights of Ren,10
General Zod v1,1.75,GZ01,5,DC Comics,semsubtema,10
Jek-14 ,1.75,JE01,5,Star Wars,semsubtema,10
Aquaman v2,1.75,AV03,5,DC Comics,semsubtema,10
Iron Man Mark 85,1.75,IM05,5,Marvel,Avengers,10
Cyclone,1.75,CY02,5,Marvel,semsubtema,10
Mr. Freeze TV,1.75,MF03,5,DC Comics,semsubtema,10
Odin,1.75,OD01,5,Marvel,semsubtema,10
Invisible Woman v1,1.75,IW02,5,Marvel,F4,10
Kylo Ren v1,1.75,KR07,5,Star Wars,semsubtema,10
Cyborg,1.75,CY01,5,DC Comics,semsubtema,10
Gladiador,1.75,GL01,5,Tempos Antigos,semsubtema,10
Black Bolt,1.75,BB06,5,Marvel,semsubtema,10
Daredevil MCU,1.75,DM01,5,Marvel,semsubtema,10
Harley Quinn New 52,1.75,HQ02,5,DC Comics,semsubtema,10
Éomer ,1.75,OM01,5,O Senhor dos Anéis,semsubtema,10
Faraó do Egipto v1,1.75,FD01,5,Tempos Antigos,semsubtema,10
El Dorado,1.75,ED01,5,DC Comics,semsubtema,10
Okoye ,1.75,OK01,5,Marvel,semsubtema,10
Condiment King,1.75,CK04,5,DC Comics,semsubtema,10
Proxima Midnight,1.75,PM05,5,Marvel,semsubtema,10
Lionel Messi,1.75,LM02,5,Futebol,semsubtema,10
Borsalino Kizaru v1,1.75,BK05,5,One Piece ,semsubtema,10
Roronoa Zoro v1,1.75,RZ01,5,One Piece ,semsubtema,10
Android 17 ,1.75,AN01,5,Dragon Ball,semsubtema,10
Xeno Gotenks ,1.75,XG01,5,Dragon Ball,semsubtema,10
Sabo,1.75,HC04,5,One Piece ,semsubtema,10
Shanks v1,1.75,SV07,5,One Piece ,semsubtema,10
Michael Jordan,1.75,MJ04,5,NBA,semsubtema,10
Dark Trooper v1,1.75,DT01,5,Star Wars,semsubtema,10
Spider-Man Black & Gold Suit,1.75,SM10,5,Marvel,semsubtema,10
Third Sister,1.75,TS02,5,Star Wars,semsubtema,10
Ninth Sister ,1.75,NS02,5,Star Wars,semsubtema,10
Mantis,1.75,MA09,5,Marvel,GG,10
Iron Man Mark 1,2.5,IM03,6,Marvel,Avengers,10
Miles Morales,1.75,MM13,6,Marvel,semsubtema,10
Riot Trooper,1.75,RT07,6,Star Wars,semsubtema,10
Orson Krennic,1.75,OK02,6,Star Wars,semsubtema,10
Imperial Army Trooper v1,1.75,IA01,6,Star Wars,semsubtema,10
Imperial Army Trooper v2,1.75,IA02,6,Star Wars,semsubtema,10
Baylan Skoll,1.75,BS03,6,Star Wars,semsubtema,10
Admiral Thrawn,1.75,AT01,6,Star Wars,semsubtema,10
Doctor Doom v2,2.25,DD05,6,Marvel,semsubtema,10
Walter White Heisenberg v2,1.95,WW02,6,Filmes e Séries,semsubtema,10
Green Lantern God of Light ,1.75,GL04,6,DC Comics,semsubtema,10
Boneco de Neve v1,1.75,BD08,6,Diversos,semsubtema,10
Angelica Teach ,1.75,AT04,6,Piratas das Caraíbas,semsubtema,10
Hector Barbossa ,1.75,HB02,6,Piratas das Caraíbas,semsubtema,10
Mermaid Syrena ,1.75,MS08,6,Piratas das Caraíbas,semsubtema,10
Professor Henry Jones v2,1.75,PH03,6,Filmes e Séries,semsubtema,10
Rainha do Egito,1.75,RD03,6,Tempos Antigos,semsubtema,10
Mosqueteiro,2.5,MO07,6,Tempos Antigos,semsubtema,10
Teela ,1.75,TE04,6,Masters of the Universe,semsubtema,10
Evil-Lyn ,1.75,EL04,6,Masters of the Universe,semsubtema,10
Man-E-Faces ,1.75,ME03,6,Masters of the Universe,semsubtema,10
Professor Snape,1.75,PS04,6,Harry Potter,semsubtema,10
Tina Goldstein ,1.75,TG02,6,Harry Potter,semsubtema,10
Penguin Arkham City ,1.75,PA07,6,DC Comics,semsubtema,10
Vance Astro ,1.75,VA03,6,Marvel,semsubtema,10
Margarida v1,2.25,MV06,6,Disney,semsubtema,10
Zuckuss ,1.75,ZU01,6,Star Wars,semsubtema,10
Kingsley Shacklebolt ,1.75,KS01,6,Harry Potter,semsubtema,10
First Order Crew,1.75,FO01,6,Star Wars,semsubtema,10
Crazy Quilt ,1.75,CQ01,6,DC Comics,semsubtema,10
Superman BD v1,1.75,SB08,6,DC Comics,semsubtema,10
Elsa Bloodstone ,1.75,EB02,6,Marvel,semsubtema,10
Boromir v1,1.75,BV01,6,O Senhor dos Anéis,semsubtema,10
Dwalin the Dwarf ,1.75,DT06,6,O Senhor dos Anéis,semsubtema,10
Balin the Dwarf ,1.75,BT01,6,O Senhor dos Anéis,semsubtema,10
Fili the Dwarf ,1.75,FT01,6,O Senhor dos Anéis,semsubtema,10
Gloin the Dwarf,1.75,GT01,6,O Senhor dos Anéis,semsubtema,10
Ben Kenobi Aged,1.75,BK02,6,Star Wars,semsubtema,10
Leia Organa Clássica,1.75,LO04,6,Star Wars,semsubtema,10
First Order General,1.75,FO03,6,Star Wars,semsubtema,10
Turk Falso,1.75,TF02,6,Star Wars,semsubtema,10
Hera Syndulla,1.75,HS06,6,Star Wars,semsubtema,10
Watto,1.75,WA05,6,Star Wars,semsubtema,10
Teebo Ewok,1.75,TE03,6,Star Wars,semsubtema,10
Yoda Clássico,1.75,YC01,6,Star Wars,semsubtema,10
Ki-Adi-Mundi,1.75,KA06,6,Star Wars,semsubtema,10
Luke Skywalker The Last Jedi,1.95,LS10,6,Star Wars,semsubtema,10
Red Hulk Thaddeus Ross ,1.75,RH04,6,Marvel,semsubtema,10
Professor Henry Jones v1,1.75,PH02,6,Filmes e Séries,semsubtema,10
Sauron,1.75,SA04,6,O Senhor dos Anéis,semsubtema,10
Haldir,1.75,HA04,6,O Senhor dos Anéis,semsubtema,10
Antoine Griezmann ,1.75,AG01,6,Futebol,semsubtema,10
Lamine Yamal Barcelona,1.75,LY01,6,Futebol,semsubtema,10
Raphinha,1.75,RA05,6,Futebol,semsubtema,10
Commander Bacara,1.75,DO01,6,Star Wars,semsubtema,10
IG-100 MagnaGuard,1.75,IM01,6,Star Wars,semsubtema,10
Wullf Yularen Clone Wars e Astromech Droid New Republic,1.95,WU02,6,Star Wars,semsubtema,10
Jack Skellington,1.75,JS01,6,Filmes e Séries,semsubtema,10
Michael Scofield ,1.95,MS09,6,Filmes e Séries,semsubtema,10
Clark Kent ,1.75,CK03,6,DC Comics,semsubtema,10
Banshee ,1.95,BA02,6,Marvel,X-Men,10
Sylvie “Lady Loki” v2,1.75,SL06,6,Marvel,semsubtema,10
Imperial Patrol Trooper ,1.75,IP01,6,Star Wars,semsubtema,10
Professor Filius Flitwick ,1.75,PF01,6,Harry Potter,semsubtema,10
Seamus Finnigan,1.75,SF02,6,Harry Potter,semsubtema,10
Gellert Grindelwald,1.75,GG02,6,Harry Potter,semsubtema,10
Woody e Forky ,1.75,WE03,6,Toy Story,semsubtema,10
Jessie ,1.75,JE03,6,Toy Story,semsubtema,10
Ghostface ,1.75,GH01,6,Filmes e Séries,semsubtema,10
Beetlejuice ,1.75,BE04,6,Filmes e Séries,semsubtema,10
Trudgen,1.75,TR03,6,Star Wars,Knights of Ren,10
Kuruk,1.75,KU01,6,Star Wars,Knights of Ren,10
Tarfful ,1.75,TA04,6,Star Wars,semsubtema,10
Aayla Secura,1.75,AS01,6,Star Wars,semsubtema,10
Poison Ivy 2019,1.95,PI04,6,DC Comics,semsubtema,10
Scorpion,1.95,SC02,6,Marvel,semsubtema,10
Hulk v1,1.75,HV01,6,Marvel,Avengers,10
Laufey,1.75,LA02,6,Marvel,semsubtema,10
3291st Forest Combat Battalion ,1.75,FC01,6,Star Wars,semsubtema,10
Batman DCEU v1,1.75,BD03,6,DC Comics,semsubtema,10
Cavaleiro Templário v4,1.75,CT07,6,Tempos Antigos,semsubtema,10
Golden Knight ,1.75,GK02,6,Tempos Antigos,semsubtema,10
Finn,1.75,FI01,6,Star Wars,semsubtema,10
Iron Skull ,1.75,IS08,6,Marvel,semsubtema,10
Sandman,1.75,SA03,6,Marvel,semsubtema,10
Leia Organa Ewok,1.75,LO05,6,Star Wars,semsubtema,10
Soldado Romano,1.75,SR01,6,Tempos Antigos,semsubtema,10
Flash BD,1.75,FL01,6,DC Comics,semsubtema,10
Mutant Leader ,1.75,ML02,6,DC Comics,semsubtema,10
Cristiano Ronaldo v1,1.75,CR03,6,Futebol,semsubtema,10
Nico Robin v1,1.75,NR01,6,One Piece ,semsubtema,10
Krillin,1.75,KR06,6,Dragon Ball,semsubtema,10
Monkey D. Garp v1,1.75,MD03,6,One Piece ,semsubtema,10
Dwyane Wade,1.75,DW01,6,NBA,semsubtema,10
Uruk-Hai v1,1.75,UH01,6,O Senhor dos Anéis,semsubtema,10
Sith Trooper ,1.75,ST06,6,Star Wars,semsubtema,10
Dáin II Ironfoot,1.75,DI01,6,O Senhor dos Anéis,semsubtema,10
Darth Maul Clone Wars,1.75,VD03,6,Star Wars,semsubtema,10
Second Sister,1.75,SS04,6,Star Wars,semsubtema,10
Supergirl,1.75,SU06,6,DC Comics,semsubtema,10
Snoopy v2,1.75,FD04,6,Bonecos,semsubtema,10
Commander Fox,1.75,PC01,7,Star Wars,semsubtema,10
Wolverine Clássico,1.75,WC02,7,Marvel,X-Men,10
Madelyne Pryor ,1.75,MP01,7,Marvel,X-Men,10
Gamorrean Guard,1.75,GG01,7,Star Wars,semsubtema,10
Ben Kenobi TV Series,1.75,BK03,7,Star Wars,semsubtema,10
SWAT v1,1.75,CC11,7,Militar,semsubtema,10
Máscara de Dalí Papel,1.95,MS06,7,Filmes e Séries,semsubtema,10
Warpath ,1.75,WA03,7,Marvel,X-Men,10
Ram Man ,1.75,RM02,7,Masters of the Universe,semsubtema,10
Professor Quirrell ,1.75,PQ02,7,Harry Potter,semsubtema,10
Rocket Raccoon,1.75,RR02,7,Marvel,GG,10
Boolio ,1.75,BO07,7,Star Wars,semsubtema,10
Bifur the Dwarf ,1.75,BT05,7,O Senhor dos Anéis,semsubtema,10
Bilbo Baggins Young,1.75,BB05,7,O Senhor dos Anéis,semsubtema,10
Bombur the Dwarf,1.75,BT08,7,O Senhor dos Anéis,semsubtema,10
Frodo Baggins v1,1.75,FB03,7,O Senhor dos Anéis,semsubtema,10
Darth Marr ,1.75,DM05,7,Star Wars,semsubtema,10
Imperial Hovertank Pilot,1.75,IH01,7,Star Wars,semsubtema,10
Han Solo Hoth,1.75,HS03,7,Star Wars,semsubtema,10
Naare ,1.75,NA02,7,Star Wars,semsubtema,10
Merry v2,1.75,MV10,7,O Senhor dos Anéis,semsubtema,10
Mandalorian v1 e Grogu,1.75,MV03,7,Star Wars,semsubtema,10
Rey e BB-8,1.95,RE02,7,Star Wars,semsubtema,10
The Armorer,1.75,TA09,7,Star Wars,semsubtema,10
Bo-Katan Kryse e BB-8,1.95,BK04,7,Star Wars,semsubtema,10
Captain Enoch ,1.75,CE02,7,Star Wars,semsubtema,10
Soldado Medieval v4,1.95,SM07,7,Medieval,semsubtema,10
Hermione Granger ,1.75,HG01,7,Harry Potter,semsubtema,10
Ron Weasley ,1.75,RW02,7,Harry Potter,semsubtema,10
Lord Voldemort,1.75,LV02,7,Harry Potter,semsubtema,10
Remus Lupin ,1.75,RL01,7,Harry Potter,semsubtema,10
Kylo Ren v2,1.75,KR08,7,Star Wars,semsubtema,10
Thor v3,1.75,TV03,7,Marvel,Avengers,10
Winston Zeddemore ,1.95,WZ01,7,Ghostbusters,semsubtema,10
Joker TV,1.75,JT05,7,DC Comics,semsubtema,10
Psylocke ,1.75,PS06,7,Marvel,X-Men,10
Stormtrooper Commander ,1.75,SC09,7,Star Wars,semsubtema,10
Luke Skywalker Tatooine v1,1.75,LS08,7,Star Wars,semsubtema,10
Cavaleiro Templário v3,1.75,CT06,7,Tempos Antigos,semsubtema,10
Viking,1.95,VI02,7,Tempos Antigos,semsubtema,10
Vision,1.75,VI03,7,Marvel,semsubtema,10
Chameleon ,1.75,CH01,7,Marvel,semsubtema,10
Franky ,1.75,FR02,7,One Piece ,semsubtema,10
Bardock ,1.75,BA04,7,Dragon Ball,semsubtema,10
Cavalo Creme,1.95,CC04,7,Animais,semsubtema,10
Captain América v1,1.75,CA07,7,Marvel,Avengers,10
Darth Vader v1,1.95,DV02,7,Star Wars,semsubtema,10
Imperial Sentry Droid,1.75,IS03,7,Star Wars,semsubtema,10
Mysterio,1.75,MY01,7,Marvel,semsubtema,10
Fifth Brother,1.75,FB02,7,Star Wars,semsubtema,10
Commander Cody,1.75,CC10,7,Star Wars,semsubtema,10
Moon Knight,1.75,MK03,7,Marvel,semsubtema,10
Syril Karn,1.75,SK02,8,Star Wars,semsubtema,10
Magneto,1.75,MA04,8,Marvel,X-Men,10
Mario,1.75,MA10,8,Jogos,semsubtema,10
Luigi,1.75,LU01,8,Jogos,semsubtema,10
Two-Face The Dark Knight,1.75,TF04,8,DC Comics,semsubtema,10
Jack Sparrow Bandana,1.75,JS02,8,Piratas das Caraíbas,semsubtema,10
Hawkman BD,2.25,XB01,8,DC Comics,semsubtema,10
Cave Troll ,5.5,CT08,8,O Senhor dos Anéis,semsubtema,10
Dumbledore v1,1.75,DV11,8,Harry Potter,semsubtema,10
Star-Lord e Baby Groot,1.75,SL02,8,Marvel,GG,10
Guerreiro Ewok,1.75,GE04,8,Star Wars,semsubtema,10
Chief Chirpa Ewok,1.75,CC07,8,Star Wars,semsubtema,10
Lando Calrissian Solo,1.75,LC02,8,Star Wars,semsubtema,10
Captain América v2,1.75,CA08,8,Marvel,Avengers,10
Frodo Baggins v2,1.75,FB04,8,O Senhor dos Anéis,semsubtema,10
Samwise Gamgee v2,1.75,SG02,8,O Senhor dos Anéis,semsubtema,10
Elf Archer ,1.75,EA01,8,O Senhor dos Anéis,semsubtema,10
Elf Guard,1.75,EG04,8,O Senhor dos Anéis,semsubtema,10
Azog v2,1.75,AV11,8,O Senhor dos Anéis,semsubtema,10
General Grievous Branco,1.75,BC03,8,Star Wars,semsubtema,10
Charlie Chaplin Charlot ,1.95,CC05,8,Filmes e Séries,semsubtema,10
Art the Clown v2,1.75,AT06,8,Filmes e Séries,semsubtema,10
Harry Potter Clássico,1.75,HP01,8,Harry Potter,semsubtema,10
Buzz Lightyear ,1.75,PL01,8,Toy Story,semsubtema,10
Ray Stantz,1.95,RS01,8,Ghostbusters,semsubtema,10
Iceman,1.95,IC02,8,Marvel,X-Men,10
Cavaleiro Templário v2,1.75,CT05,8,Tempos Antigos,semsubtema,10
Imperial Astromech Droid,1.95,IA03,8,Star Wars,semsubtema,10
Drax,1.75,DR03,8,Marvel,GG,10
Ghost Rider v1,1.75,GR01,8,Marvel,semsubtema,10
Trafalgar Law ,1.75,HW03,8,One Piece ,semsubtema,10
Nami,1.75,NA03,8,One Piece ,semsubtema,10
Punk Zombie,1.75,PZ01,8,Jogos,semsubtema,10
Cavillrine,1.75,CA15,9,Marvel,X-Men,10
Guerreiro Hovitos,1.75,GH04,9,Tempos Antigos,semsubtema,10
Sallah Faisel el-Kahir ,1.75,SF01,9,Filmes e Séries,semsubtema,10
Plo Koon v2,2.45,PK02,9,Star Wars,semsubtema,10
Wrestler,1.75,WR03,9,Cidade,semsubtema,10
Terminator Arnold Schwarzenegger,1.75,TA07,9,Filmes e Séries,semsubtema,10
Samwise Gamgee v1,1.75,SG01,9,O Senhor dos Anéis,semsubtema,10
Padmé Amidala,1.75,PA02,9,Star Wars,semsubtema,10
Luke Skywalker Jedi Master,1.75,LS07,9,Star Wars,semsubtema,10
Deadpool v2,1.75,DV06,9,Marvel,X-Men,10
Nazgûl,1.75,NL01,9,O Senhor dos Anéis,semsubtema,10
Pippin,1.75,PI03,9,O Senhor dos Anéis,semsubtema,10
Boromir v2,1.75,BV02,9,O Senhor dos Anéis,semsubtema,10
Savage Opress e Battle Droid B1,1.75,SO02,9,Star Wars,semsubtema,10
Bantha,6.5,BA03,9,Star Wars,semsubtema,10
Stitch,1.75,ST09,9,Disney,semsubtema,10
Hagrid ,1.75,HA02,9,Harry Potter,semsubtema,10
Plastic Man,1.75,PM03,9,DC Comics,semsubtema,10
Moff Gideon,1.75,MG02,9,Star Wars,semsubtema,10
Superman New 52,1.75,SN05,9,DC Comics,semsubtema,10
Son Goku v1,1.75,SG12,9,Dragon Ball,semsubtema,10
Brook ,1.75,HW01,9,One Piece ,semsubtema,10
Cad Bane,1.75,CB01,9,Star Wars,semsubtema,10
Soldado Japonês,1.75,SJ01,9,Militar,WW2,10
Clone Trooper Phase II,1.75,CT10,10,Star Wars,semsubtema,10
Bart Simpson,2.25,BS02,10,Os Simpsons,semsubtema,10
North Vietnamese Soldier com AK-47,2.75,NV03,10,Militar,semsubtema,10
Harley Quinn Suicide Squad,1.75,HQ03,10,DC Comics,semsubtema,10
Aragorn,1.75,AR02,10,O Senhor dos Anéis,semsubtema,10
Yoda Clone Wars,1.75,YC02,10,Star Wars,semsubtema,10
Tokkat Ewok,1.75,TE05,10,Star Wars,semsubtema,10
Jack Torrance ,1.75,JT03,10,Filmes e Séries,semsubtema,10
Eric Draven Brandon Lee,1.75,ED02,10,Filmes e Séries,semsubtema,10
Chewbacca v1,1.75,CV03,10,Star Wars,semsubtema,10
Spider-Man Clássico,1.75,SM11,10,Marvel,Avengers,10
Soldado USA,1.75,SU02,10,Militar,WW2,10
Soldado Soviético Infantaria,1.75,SS07,11,Militar,WW2,10
Hulk Hogan,1.75,PH01,11,Famosos,semsubtema,10
C-3PO v1,1.75,CP03,11,Star Wars,semsubtema,10
Doctor Octopus,1.95,DO03,11,Marvel,semsubtema,10
Obi-Wan Kenobi TV Series,1.75,OW07,11,Star Wars,semsubtema,10
Soldado Britânico,1.75,SB06,11,Militar,WW2,10
Rainha Múmia,1.75,RM01,12,Tempos Antigos,semsubtema,10
Batman Filme Lego,1.95,BF01,12,DC Comics,semsubtema,10
Wicket Warrick Ewok ,1.75,WW03,12,Star Wars,semsubtema,10
Soldado Soviético Ushanka,1.75,SS08,13,Militar,WW2,10
Marty McFly,2.25,MM06,15,Filmes e Séries,semsubtema,10
Supreme Leader Snoke ,1.95,SL04,15,Star Wars,semsubtema,10
Green Goblin BD,1.75,GG04,17,Marvel,semsubtema,10
Boba Fett Bantha,1.75,BF04,19,Star Wars,semsubtema,10
Esqueleto ,1,ES06,19,Diversos,semsubtema,10
Sabretooth ,1.75,SA01,20,Marvel,semsubtema,10
Soldado Alemão v9,1.75,SA06,22,Militar,WW2,10
Soldado União,1.95,SU01,26,Militar,semsubtema,10
Hawkeye,1.75,HA05,5,Marvel,Avengers,10
